{
  "parameter": "actr_decay",
  "default_value": 0.5,
  "optimal_value": 0.8,
  "sensitivity_coefficient": 0.0,
  "robustness_ratio": 1.0,
  "values": [0.2, 0.3, 0.4, 0.5, 0.6, 0.7, 0.8],
  "metrics": [
    0.9384410151246932, 0.9384410151246932, 0.9384410151246932,
    0.9384410151246932, 0.9384410151246932, 0.9384410151246932, 0.93895213876214
  ],
  "ci_lower": [],
  "ci_upper": []
}
